{
  "export_version": "0.072",
  "framed_nodes": {},
  "groups": {},
  "nodes": {
    "Bend object along surface": {
      "bl_idname": "SvBendAlongSurfaceNode",
      "height": 100.0,
      "hide": false,
      "label": "",
      "location": [
        654.7966918945312,
        -7.8469367027282715
      ],
      "params": {
        "is_cycle_u": 1,
        "is_cycle_v": 0
      },
      "width": 140.0
    },
    "Bricks grid": {
      "bl_idname": "SvBricksNode",
      "height": 100.0,
      "hide": false,
      "label": "",
      "location": [
        13.305574417114258,
        -245.78457641601562
      ],
      "params": {
        "cycle_u": 1,
        "cycle_v": 0,
        "du_": 0.4000000059604645,
        "dv_": 0.6000000238418579,
        "rdu_": 0.05000000074505806,
        "rdv_": 0.05000000074505806,
        "shift_": 0.699999988079071,
        "sizeu_": 7.0,
        "sizev_": 7.0,
        "toothing_": 0.019999999552965164,
        "toothing_r_": 0.05000000074505806
      },
      "width": 140.0
    },
    "List First & Last": {
      "bl_idname": "ListFLNode",
      "height": 100.0,
      "hide": false,
      "label": "",
      "location": [
        219.47703552246094,
        -32.070045471191406
      ],
      "params": {},
      "width": 140.0
    },
    "List Flip": {
      "bl_idname": "ListFlipNode",
      "height": 100.0,
      "hide": false,
      "label": "",
      "location": [
        411.8503112792969,
        -69.20037841796875
      ],
      "params": {},
      "width": 140.0
    },
    "Sphere": {
      "bl_idname": "SphereNode",
      "color": [
        0.0,
        0.5,
        0.5
      ],
      "height": 100.0,
      "hide": false,
      "label": "",
      "location": [
        8.436305046081543,
        -11.974403381347656
      ],
      "params": {
        "Separate": 1,
        "rad_": 3.0
      },
      "use_custom_color": true,
      "width": 140.0
    },
    "Viewer Draw": {
      "bl_idname": "ViewerNode2",
      "color": [
        1.0,
        0.30000001192092896,
        0.0
      ],
      "height": 100.0,
      "hide": false,
      "label": "",
      "location": [
        870.3057861328125,
        -11.282038688659668
      ],
      "params": {
        "display_edges": 0,
        "display_verts": 0,
        "edge_colors": [
          0.8990010023117065,
          0.6717020273208618,
          0.2072180062532425
        ],
        "face_colors": [
          0.899000883102417,
          0.6717015504837036,
          0.2072182446718216
        ],
        "shading": 1
      },
      "use_custom_color": true,
      "width": 140.0
    },
    "Viewer Draw.001": {
      "bl_idname": "ViewerNode2",
      "color": [
        1.0,
        0.30000001192092896,
        0.0
      ],
      "height": 100.0,
      "hide": false,
      "label": "",
      "location": [
        229.2947540283203,
        -278.88677978515625
      ],
      "params": {
        "display_faces": 0,
        "display_verts": 0,
        "edge_colors": [
          0.006001010071486235,
          0.12699609994888306,
          0.8990010023117065
        ],
        "edge_width": 1
      },
      "use_custom_color": true,
      "width": 140.0
    }
  },
  "update_lists": [
    [
      "Sphere",
      0,
      "List First & Last",
      0
    ],
    [
      "Bricks grid",
      0,
      "Viewer Draw.001",
      0
    ],
    [
      "Bricks grid",
      2,
      "Viewer Draw.001",
      1
    ],
    [
      "List First & Last",
      0,
      "List Flip",
      0
    ],
    [
      "Bricks grid",
      0,
      "Bend object along surface",
      0
    ],
    [
      "List Flip",
      0,
      "Bend object along surface",
      1
    ],
    [
      "Bend object along surface",
      0,
      "Viewer Draw",
      0
    ],
    [
      "Bricks grid",
      2,
      "Viewer Draw",
      1
    ]
  ]
}