{
  "export_version": "0.072",
  "framed_nodes": {},
  "groups": {},
  "nodes": {
    "A Number": {
      "bl_idname": "SvNumberNode",
      "height": 100.0,
      "hide": false,
      "label": "tails",
      "location": [
        -594.00537109375,
        154.4180450439453
      ],
      "params": {
        "float_": 2.0,
        "float_max": 3.0,
        "float_min": 0.10000000149011612,
        "int_": 0,
        "show_limits": 0,
        "to3d": 1
      },
      "width": 140.0
    },
    "A Number.001": {
      "bl_idname": "SvNumberNode",
      "height": 100.0,
      "hide": false,
      "label": "perspective",
      "location": [
        -597.4114379882812,
        72.79682159423828
      ],
      "params": {
        "float_": 0.0,
        "float_max": 1.0,
        "float_min": -1.0,
        "int_": 0,
        "show_limits": 0,
        "to3d": 1
      },
      "width": 140.0
    },
    "A Number.002": {
      "bl_idname": "SvNumberNode",
      "height": 100.0,
      "hide": false,
      "label": "radi",
      "location": [
        -575.9088745117188,
        -34.76826477050781
      ],
      "params": {
        "float_": 0.3969999849796295,
        "float_max": 2.0,
        "float_min": 0.05000000074505806,
        "int_": 0,
        "show_limits": 0,
        "to3d": 1
      },
      "width": 140.0
    },
    "A Number.003": {
      "bl_idname": "SvNumberNode",
      "height": 100.0,
      "hide": false,
      "label": "dista",
      "location": [
        -589.0419311523438,
        -137.21311950683594
      ],
      "params": {
        "float_": 0.25,
        "float_max": 2.0,
        "float_min": 0.05000000074505806,
        "int_": 0,
        "show_limits": 0,
        "to3d": 1
      },
      "width": 133.64266967773438
    },
    "Circle": {
      "bl_idname": "SvCircleNode",
      "color": [
        0.0,
        0.5,
        0.5
      ],
      "height": 100.0,
      "hide": true,
      "label": "",
      "location": [
        -561.5079956054688,
        355.9662170410156
      ],
      "params": {
        "vert_": 32
      },
      "use_custom_color": true,
      "width": 140.0
    },
    "Circle.001": {
      "bl_idname": "SvCircleNode",
      "color": [
        0.0,
        0.5,
        0.5
      ],
      "height": 100.0,
      "hide": true,
      "label": "",
      "location": [
        1102.84033203125,
        104.95700073242188
      ],
      "params": {
        "rad_": 0.3830000162124634,
        "vert_": 32
      },
      "use_custom_color": true,
      "width": 140.0
    },
    "Circle.002": {
      "bl_idname": "SvCircleNode",
      "color": [
        0.0,
        0.5,
        0.5
      ],
      "height": 100.0,
      "hide": true,
      "label": "",
      "location": [
        -564.376220703125,
        304.6036071777344
      ],
      "params": {
        "vert_": 8
      },
      "use_custom_color": true,
      "width": 140.0
    },
    "Contour 2D.001": {
      "bl_idname": "SvContourNode",
      "height": 100.0,
      "hide": false,
      "label": "",
      "location": [
        1073.7799072265625,
        408.2820129394531
      ],
      "params": {
        "rad_": 0.25,
        "rm_doubles": 0.0,
        "vert_": 22
      },
      "width": 140.0
    },
    "List Join": {
      "bl_idname": "ListJoinNode",
      "height": 100.0,
      "hide": false,
      "label": "",
      "location": [
        605.2916870117188,
        532.5772094726562
      ],
      "params": {},
      "width": 140.0
    },
    "List Join.001": {
      "bl_idname": "ListJoinNode",
      "height": 100.0,
      "hide": false,
      "label": "",
      "location": [
        603.5880737304688,
        308.9921875
      ],
      "params": {},
      "width": 140.0
    },
    "List Join.002": {
      "bl_idname": "ListJoinNode",
      "height": 100.0,
      "hide": false,
      "label": "",
      "location": [
        1366.8233642578125,
        501.8555603027344
      ],
      "params": {},
      "width": 140.0
    },
    "List Join.003": {
      "bl_idname": "ListJoinNode",
      "height": 100.0,
      "hide": false,
      "label": "",
      "location": [
        1360.0086669921875,
        237.308349609375
      ],
      "params": {},
      "width": 140.0
    },
    "List Slice": {
      "bl_idname": "ListSliceNode",
      "height": 100.0,
      "hide": false,
      "label": "",
      "location": [
        -176.10926818847656,
        323.21142578125
      ],
      "params": {
        "level": 1,
        "start": 1,
        "stop": 4
      },
      "width": 140.0
    },
    "List Slice.001": {
      "bl_idname": "ListSliceNode",
      "height": 100.0,
      "hide": false,
      "label": "",
      "location": [
        -128.40536499023438,
        532.5875854492188
      ],
      "params": {
        "level": 1,
        "start": 3,
        "stop": 6
      },
      "width": 140.0
    },
    "Mesh Join": {
      "bl_idname": "SvMeshJoinNode",
      "height": 100.0,
      "hide": false,
      "label": "",
      "location": [
        825.2916870117188,
        428.2020263671875
      ],
      "params": {},
      "width": 140.0
    },
    "Mesh Join.001": {
      "bl_idname": "SvMeshJoinNode",
      "height": 100.0,
      "hide": false,
      "label": "",
      "location": [
        1606.2779541015625,
        342.16094970703125
      ],
      "params": {},
      "width": 140.0
    },
    "Move": {
      "bl_idname": "SvMoveNodeMK2",
      "height": 100.0,
      "hide": false,
      "label": "",
      "location": [
        78.11351776123047,
        531.5256958007812
      ],
      "params": {
        "mult_": 2.0
      },
      "width": 140.0
    },
    "Move.001": {
      "bl_idname": "SvMoveNodeMK2",
      "height": 100.0,
      "hide": false,
      "label": "",
      "location": [
        2459.091552734375,
        382.7655334472656
      ],
      "params": {},
      "width": 140.0
    },
    "Proportional Edit Falloff": {
      "bl_idname": "SvProportionalEditNode",
      "height": 100.0,
      "hide": true,
      "label": "",
      "location": [
        2335.023681640625,
        262.8734436035156
      ],
      "params": {
        "falloff_type": "smooth",
        "radius": 10.99000072479248
      },
      "width": 140.0
    },
    "Select mesh elements by location": {
      "bl_idname": "SvMeshSelectNode",
      "custom_socket_props": {
        "3": {
          "prop": [
            0.0,
            0.0,
            1.0
          ],
          "use_prop": true
        },
        "4": {
          "expanded": true,
          "prop": [
            2.1500000953674316,
            2.1500000953674316,
            0.0
          ],
          "use_prop": true
        }
      },
      "height": 100.0,
      "hide": true,
      "label": "",
      "location": [
        2200.480224609375,
        235.69985961914062
      ],
      "params": {
        "include_partial": 0,
        "mode": "BySphere",
        "radius": 2.0399999618530273
      },
      "width": 140.0
    },
    "UV Connection": {
      "bl_idname": "LineConnectNodeMK2",
      "height": 100.0,
      "hide": false,
      "label": "",
      "location": [
        293.33612060546875,
        486.88385009765625
      ],
      "params": {
        "dir_check": "V_dir",
        "polygons": "Edges",
        "slice_check": 0
      },
      "width": 182.3609619140625
    },
    "Vector in": {
      "bl_idname": "GenVectorsNode",
      "height": 100.0,
      "hide": false,
      "label": "",
      "location": [
        2132.378662109375,
        493.197021484375
      ],
      "params": {
        "x_": 0.30000001192092896,
        "y_": 0.30000001192092896
      },
      "width": 100.0
    },
    "Viewer Draw": {
      "bl_idname": "ViewerNode2",
      "color": [
        1.0,
        0.30000001192092896,
        0.0
      ],
      "height": 100.0,
      "hide": false,
      "label": "",
      "location": [
        377.1229553222656,
        779.2827758789062
      ],
      "params": {
        "activate": 0
      },