{
  "export_version": "0.079",
  "framed_nodes": {},
  "groups": {},
  "nodes": {
    "A Number": {
      "bl_idname": "SvNumberNode",
      "height": 100.0,
      "hide": false,
      "label": "",
      "location": [
        372.7096862792969,
        -603.25537109375
      ],
      "params": {
        "float_": 0.29999998211860657,
        "float_draft_": 0.0,
        "float_max": 1.0,
        "float_min": 0.0,
        "int_": 0,
        "int_draft_": 0,
        "show_limits": 1
      },
      "width": 140.0
    },
    "Constant List": {
      "bl_idname": "SvConstantListNode",
      "height": 100.0,
      "hide": false,
      "label": "",
      "location": [
        88.07112884521484,
        -323.3764343261719
      ],
      "params": {
        "float_value": -3.141590118408203,
        "length": 6,
        "mode": "FLOAT",
        "out_level": 2
      },
      "width": 140.0
    },
    "Constant List.001": {
      "bl_idname": "SvConstantListNode",
      "height": 100.0,
      "hide": false,
      "label": "",
      "location": [
        98.20113372802734,
        -509.06744384765625
      ],
      "params": {
        "float_value": 3.141590118408203,
        "length": 6,
        "mode": "FLOAT",
        "out_level": 2
      },
      "width": 140.0
    },
    "List Input": {
      "bl_idname": "SvListInputNode",
      "height": 100.0,
      "hide": false,
      "label": "",
      "location": [
        -736.68603515625,
        602.6008911132812
      ],
      "params": {
        "mode": "vector",
        "v_int": 8,
        "vector_list": [
          -1.0,
          -1.0,
          0.0,
          1.0,
          -1.0,
          0.0,
          -1.0,
          1.0,
          0.0,
          1.0,
          1.0,
          0.0,
          -1.0,
          0.0,
          0.0,
          0.0,
          -1.0,
          0.0,
          1.0,
          0.0,
          0.0,
          0.0,
          1.0,
          0.0,
          0.0,
          0.0,
          0.0,
          0.0,
          0.0,
          0.0,
          0.0,
          0.0
        ]
      },
      "width": 246.10604858398438
    },
    "List Input.001": {
      "bl_idname": "SvListInputNode",
      "height": 100.0,
      "hide": false,
      "label": "",
      "location": [
        -730.9505615234375,
        295.66015625
      ],
      "params": {
        "mode": "vector",
        "v_int": 8,
        "vector_list": [
          0.0,
          0.5,
          0.0,
          0.0,
          -0.5,
          0.0,
          -0.5,
          0.0,
          0.0,
          0.5,
          0.0,
          0.0,
          -1.0,
          -0.5,
          0.0,
          1.0,
          0.5,
          0.0,
          0.5,
          -1.0,
          0.0,
          -0.5,
          1.0,
          0.0,
          0.0,
          0.0,
          0.0,
          0.0,
          0.0,
          0.0,
          0.0,
          0.0
        ]
      },
      "width": 246.10604858398438
    },
    "List Input.002": {
      "bl_idname": "SvListInputNode",
      "height": 100.0,
      "hide": false,
      "label": "",
      "location": [
        -761.152099609375,
        -41.42314147949219
      ],
      "params": {
        "int_": 24,
        "int_list": [
          0,
          1,
          3,
          2,
          2,
          0,
          1,
          3,
          7,
          4,
          5,
          6,
          9,
          9,
          8,
          8,
          4,
          6,
          5,
          7,
          11,
          8,
          10,
          9,
          0,
          0,
          0,
          0,
          0,
          0,
          0,
          0
        ]
      },
      "width": 140.0
    },
    "List Input.003": {
      "bl_idname": "SvListInputNode",
      "height": 100.0,
      "hide": false,
      "label": "",
      "location": [
        -605.6149291992188,
        -127.58222961425781
      ],
      "params": {
        "int_": 24,
        "int_list": [
          12,
          14,
          13,
          15,
          4,
          5,
          6,
          7,
          8,
          10,
          9,
          11,
          11,
          10,
          10,
          11,
          12,
          13,
          14,
          15,
          14,
          13,
          15,
          12,
          0,
          0,
          0,
          0,
          0,
          0,
          0,
          0
        ]
      },
      "width": 140.0
    },
    "List Input.004": {
      "bl_idname": "SvListInputNode",
      "height": 100.0,
      "hide": false,
      "label": "",
      "location": [
        -864.8081665039062,
        -667.9407958984375
      ],
      "params": {
        "int_": 9,
        "int_list": [
          11,
          5,
          0,
          4,
          9,
          11,
          8,
          15,
          12,
          0,
          0,
          0,
          0,
          0,
          0,
          0,
          0,
          0,
          0,
          0,
          0,
          0,
          0,
          0,
          0,
          0,
          0,
          0,
          0,
          0,
          0,
          0
        ]
      },
      "width": 140.0
    },
    "List Input.005": {
      "bl_idname": "SvListInputNode",
      "height": 100.0,
      "hide": false,
      "label": "",
      "location": [
        -710.5880737304688,
        -753.2420654296875
      ],
      "params": {
        "int_": 9,
        "int_list": [
          6,
          14,
          5,
          10,
          11,
          14,
          13,
          10,
          9,
          0,
          0,
          0,
          0,
          0,
          0,
          0,
          0,
          0,
          0,
          0,
          0,
          0,
          0,
          0,
          0,
          0,
          0,
          0,
          0,
          0,
          0,
          0
        ]
      },
      "width": 140.0
    },
    "List Input.006": {
      "bl_idname": "SvListInputNode",
      "height": 100.0,
      "hide": false,
      "label": "",
      "location": [
        -562.9304809570312,
        -809.0159912109375
      ],
      "params": {
        "int_": 9,
        "int_list": [
          13,
          11,
          9,
          15,
          8,
          1,
          3,
          8,
          10,
          0,
          0,
          0,
          0,
          0,
          0,
          0,
          0,
          0,
          0,
          0,
          0,
          0,
          0,
          0,
          0,
          0,
          0,
          0,
          0,
          0,
          0,
          0
        ]
      },
      "width": 140.0
    },
    "List Input.007": {
      "bl_idname": "SvListInputNode",
      "height": 100.0,
      "hide": false,
      "label": "",
      "location": [
        -411.9916076660156,
        -895.9576416015625
      ],
      "params": {
        "int_": 9,
        "int_list": [
          8,
          9,
          12,
          2,
          10,
          6,
          7,
          7,
          4,
          0,
          0,
          0,
          0,
          0,
          0,
          0,
          0,
          0,
          0,
          0,
          0,
          0,
          0,
          0,
          0,
          0,
          0,
          0,
          0,
          0,
          0,
          0
        ]
      },
      "width": 140.0
    },
    "List Input.008": {
      "bl_idname": "SvListInputNode",
      "height": 100.0,
      "hide": false,
      "label": "",
      "location": [
        -88.00865173339844,
        -279.174560546875
      ],
      "params": {
        "int_": 12,